{
  "project_info": {
    "project_number": "132812761933",
    "project_id": "dermassistx-bc6fb",
    "storage_bucket": "dermassistx-bc6fb.appspot.com"
  },
  "client": [
    {
      "client_info": {
        "mobilesdk_app_id": "1:132812761933:android:ae82d8773103d015c26504",
        "android_client_info": {
          "package_name": "com.flutterflow.dermassistx"
        }
      },
      "oauth_client": [
        {
          "client_id": "132812761933-skttbbi1hf9pgompanm6h64bd5hld711.apps.googleusercontent.com",
          "client_type": 1,
          "android_info": {
            "package_name": "com.flutterflow.dermassistx",
            "certificate_hash": "9bbb3186b2189ef16d8f272bdab59362c395cbb4"
          }
        },
        {
          "client_id": "132812761933-f9gkc9rkgorghac7jooduq3i5tummdm2.apps.googleusercontent.com",
          "client_type": 3
        }
      ],
      "api_key": [
        {
          "current_key": "AIzaSyDycULGCi8KQ8cboiLnLs8VWPmjEfAv704"
        }
      ],
      "services": {
        "appinvite_service": {
          "other_platform_oauth_client": [
            {
              "client_id": "132812761933-f9gkc9rkgorghac7jooduq3i5tummdm2.apps.googleusercontent.com",
              "client_type": 3
            },
            {
              "client_id": "132812761933-749h2jso88f9lkff9q9t4uea10krbbi6.apps.googleusercontent.com",
              "client_type": 2,
              "ios_info": {
                "bundle_id": "com.flutterflow.dermassistx"
              }
            }
          ]
        }
      }
    },
    {
      "client_info": {
        "mobilesdk_app_id": "1:132812761933:android:77ff8adaa2535c8bc26504",
        "android_client_info": {
          "package_name": "com.flutterflow.healthai"
        }
      },
      "oauth_client": [
        {
          "client_id": "132812761933-f9gkc9rkgorghac7jooduq3i5tummdm2.apps.googleusercontent.com",
          "client_type": 3
        }
      ],
      "api_key": [
        {
          "current_key": "AIzaSyDycULGCi8KQ8cboiLnLs8VWPmjEfAv704"
        }
      ],
      "services": {
        "appinvite_service": {
          "other_platform_oauth_client": [
            {
              "client_id": "132812761933-f9gkc9rkgorghac7jooduq3i5tummdm2.apps.googleusercontent.com",
              "client_type": 3
            },
            {
              "client_id": "132812761933-749h2jso88f9lkff9q9t4uea10krbbi6.apps.googleusercontent.com",
              "client_type": 2,
              "ios_info": {
                "bundle_id": "com.flutterflow.dermassistx"
              }
            }
          ]
        }
      }
    }
  ],
  "configuration_version": "1"
}